,Mob dist,Thresh,Anomaly
2004-02-12 10:32:39,2.158986742370907,3.5969351255979984,False
2004-02-12 10:42:39,2.85668609375152,3.5969351255979984,False
2004-02-12 10:52:39,2.654306680604328,3.5969351255979984,False
2004-02-12 11:02:39,2.75132790900691,3.5969351255979984,False
2004-02-12 11:12:39,2.3839692800705334,3.5969351255979984,False
2004-02-12 11:22:39,2.8782668053103375,3.5969351255979984,False
2004-02-12 11:32:39,2.1044101771536887,3.5969351255979984,False
2004-02-12 11:42:39,1.8487846791807452,3.5969351255979984,False
2004-02-12 11:52:39,3.118480898580957,3.5969351255979984,False
2004-02-12 12:02:39,3.1112462844328177,3.5969351255979984,False
2004-02-12 12:12:39,2.127160149592236,3.5969351255979984,False
2004-02-12 12:22:39,1.3575022919609332,3.5969351255979984,False
2004-02-12 12:32:39,1.4815181307666931,3.5969351255979984,False
2004-02-12 12:42:39,1.3835190064770169,3.5969351255979984,False
2004-02-12 12:52:39,1.3419030369839162,3.5969351255979984,False
2004-02-12 13:02:39,1.5293473867649472,3.5969351255979984,False
2004-02-12 13:12:39,2.679346740241624,3.5969351255979984,False
2004-02-12 13:22:39,1.1323511677461717,3.5969351255979984,False
2004-02-12 13:32:39,1.909509852429314,3.5969351255979984,False
2004-02-12 13:42:39,1.9269190562009966,3.5969351255979984,False
2004-02-12 13:52:39,1.641599998873327,3.5969351255979984,False
2004-02-12 14:02:39,2.3407225156987916,3.5969351255979984,False
2004-02-12 14:12:39,1.8901950507908876,3.5969351255979984,False
2004-02-12 14:22:39,1.7898085036769533,3.5969351255979984,False
2004-02-12 14:32:39,2.918339589548188,3.5969351255979984,False
2004-02-12 14:42:39,2.2274228207857765,3.5969351255979984,False
2004-02-12 14:52:39,1.7890619669018841,3.5969351255979984,False
2004-02-12 15:02:39,2.130288417493288,3.5969351255979984,False
2004-02-12 15:12:39,2.2159563195546954,3.5969351255979984,False
2004-02-12 15:22:39,1.3904917236126035,3.5969351255979984,False
2004-02-12 15:32:39,1.859029894759511,3.5969351255979984,False
2004-02-12 15:42:39,1.6745339120438874,3.5969351255979984,False
2004-02-12 15:52:39,1.3510588674351947,3.5969351255979984,False
2004-02-12 16:02:39,2.190673073538578,3.5969351255979984,False
2004-02-12 16:12:39,3.014919583986875,3.5969351255979984,False
2004-02-12 16:22:39,0.9635125989985797,3.5969351255979984,False
2004-02-12 16:32:39,2.2824335816143906,3.5969351255979984,False
2004-02-12 16:42:39,1.8910863070765436,3.5969351255979984,False
2004-02-12 16:52:39,2.2418140466893663,3.5969351255979984,False
2004-02-12 17:02:39,2.1059841717613805,3.5969351255979984,False
2004-02-12 17:12:39,2.3039196368625414,3.5969351255979984,False
2004-02-12 17:22:39,1.6936222759552353,3.5969351255979984,False
2004-02-12 17:32:39,1.1114944569464602,3.5969351255979984,False
2004-02-12 17:42:39,0.5699519951882531,3.5969351255979984,False
2004-02-12 17:52:39,2.216970156903588,3.5969351255979984,False
2004-02-12 18:02:39,1.714663359272657,3.5969351255979984,False
2004-02-12 18:12:39,2.2032123338832896,3.5969351255979984,False
2004-02-12 18:22:39,2.2832590987182155,3.5969351255979984,False
2004-02-12 18:32:39,1.8549896234358123,3.5969351255979984,False
2004-02-12 18:42:39,0.9518004666303598,3.5969351255979984,False
2004-02-12 18:52:39,1.8158844573289525,3.5969351255979984,False
2004-02-12 19:02:39,1.3133865057090892,3.5969351255979984,False
2004-02-12 19:12:39,1.3514176630698072,3.5969351255979984,False
2004-02-12 19:22:39,1.2397299851267167,3.5969351255979984,False
2004-02-12 19:32:39,1.6770612110675829,3.5969351255979984,False
2004-02-12 19:42:39,1.9807890037502718,3.5969351255979984,False
2004-02-12 19:52:39,1.4176384089697558,3.5969351255979984,False
2004-02-12 20:02:39,1.0974653624234902,3.5969351255979984,False
2004-02-12 20:12:39,1.0694146686488804,3.5969351255979984,False
2004-02-12 20:22:39,2.1570497060477454,3.5969351255979984,False
2004-02-12 20:32:39,1.6102576617450501,3.5969351255979984,False
2004-02-12 20:42:39,1.9219606776260896,3.5969351255979984,False
2004-02-12 20:52:39,1.6986518228178447,3.5969351255979984,False
2004-02-12 21:02:39,0.9822372662632128,3.5969351255979984,False
2004-02-12 21:12:39,1.4638728581786877,3.5969351255979984,False
2004-02-12 21:22:39,0.974609505803794,3.5969351255979984,False
2004-02-12 21:32:39,1.9387999193381946,3.5969351255979984,False
2004-02-12 21:42:39,1.5757511624148377,3.5969351255979984,False
2004-02-12 21:52:39,1.653770724615122,3.5969351255979984,False
2004-02-12 22:02:39,1.5364804390291924,3.5969351255979984,False
2004-02-12 22:12:39,1.0953388452150052,3.5969351255979984,False
2004-02-12 22:22:39,2.2631457021096852,3.5969351255979984,False
2004-02-12 22:32:39,1.4491373490944928,3.5969351255979984,False
2004-02-12 22:42:39,2.101530362861734,3.5969351255979984,False
2004-02-12 22:52:39,2.2311757034031796,3.5969351255979984,False
2004-02-12 23:02:39,0.7955028223921548,3.5969351255979984,False
2004-02-12 23:12:39,1.680010379376506,3.5969351255979984,False
2004-02-12 23:22:39,1.3656131914685024,3.5969351255979984,False
2004-02-12 23:32:39,0.564770068833365,3.5969351255979984,False
2004-02-12 23:42:39,2.3303941121851426,3.5969351255979984,False
2004-02-12 23:52:39,1.6127352614783976,3.5969351255979984,False
2004-02-13 00:02:39,0.9468418339435186,3.5969351255979984,False
2004-02-13 00:12:39,1.2170711664616074,3.5969351255979984,False
2004-02-13 00:22:39,0.3863015767231884,3.5969351255979984,False
2004-02-13 00:32:39,0.6204327185121605,3.5969351255979984,False
2004-02-13 00:42:39,0.617304362174692,3.5969351255979984,False
2004-02-13 00:52:39,0.8241060451881215,3.5969351255979984,False
2004-02-13 01:02:39,0.5860176884785304,3.5969351255979984,False
2004-02-13 01:12:39,1.716287551917822,3.5969351255979984,False
2004-02-13 01:22:39,2.0427564145240846,3.5969351255979984,False
2004-02-13 01:32:39,1.2011573564450095,3.5969351255979984,False
2004-02-13 01:42:39,1.6095807183260038,3.5969351255979984,False
2004-02-13 01:52:39,1.9610998317954464,3.5969351255979984,False
2004-02-13 02:02:39,0.772216190365355,3.5969351255979984,False
2004-02-13 02:12:39,1.722532161366368,3.5969351255979984,False
2004-02-13 02:22:39,0.9414927347845841,3.5969351255979984,False
2004-02-13 02:32:39,1.226219227481095,3.5969351255979984,False
2004-02-13 02:42:39,1.0309880620723932,3.5969351255979984,False
2004-02-13 02:52:39,0.39209850247664174,3.5969351255979984,False
2004-02-13 03:02:39,0.9357291236740986,3.5969351255979984,False
2004-02-13 03:12:39,0.9700309953548338,3.5969351255979984,False
2004-02-13 03:22:39,0.9213166472000621,3.5969351255979984,False
2004-02-13 03:32:39,1.282712437321685,3.5969351255979984,False
2004-02-13 03:42:39,0.7832257398754062,3.5969351255979984,False
2004-02-13 03:52:39,0.6784224202687172,3.5969351255979984,False
2004-02-13 04:02:39,1.1805119328611329,3.5969351255979984,False
2004-02-13 04:12:39,0.8074856427784239,3.5969351255979984,False
2004-02-13 04:22:39,1.500867208496803,3.5969351255979984,False
2004-02-13 04:32:39,0.789043454017859,3.5969351255979984,False
2004-02-13 04:42:39,1.0308752296240251,3.5969351255979984,False
2004-02-13 04:52:39,1.0008806911784711,3.5969351255979984,False
2004-02-13 05:02:39,0.8544953702853743,3.5969351255979984,False
2004-02-13 05:12:39,2.1282827669610977,3.5969351255979984,False
2004-02-13 05:22:39,1.0235585436741164,3.5969351255979984,False
2004-02-13 05:32:39,0.7087110329566714,3.5969351255979984,False
2004-02-13 05:42:39,1.0080926183120127,3.5969351255979984,False
2004-02-13 05:52:39,1.4424732999753624,3.5969351255979984,False
2004-02-13 06:02:39,1.6549617754120136,3.5969351255979984,False
2004-02-13 06:12:39,1.3652396806510945,3.5969351255979984,False
2004-02-13 06:22:39,1.3694361690573373,3.5969351255979984,False
2004-02-13 06:32:39,0.5230289355205853,3.5969351255979984,False
2004-02-13 06:42:39,1.7444581523981104,3.5969351255979984,False
2004-02-13 06:52:39,1.5559157187985382,3.5969351255979984,False
2004-02-13 07:02:39,0.8902169153942774,3.5969351255979984,False
2004-02-13 07:12:39,0.9805094518217334,3.5969351255979984,False
2004-02-13 07:22:39,1.1815473713026072,3.5969351255979984,False
2004-02-13 07:32:39,0.768477672569748,3.5969351255979984,False
2004-02-13 07:42:39,0.8862433355848109,3.5969351255979984,False
2004-02-13 07:52:39,0.9174339155387877,3.5969351255979984,False
2004-02-13 08:02:39,0.6158656165494584,3.5969351255979984,False
2004-02-13 08:12:39,1.8402404548925513,3.5969351255979984,False
2004-02-13 08:22:39,1.8808502662047866,3.5969351255979984,False
2004-02-13 08:32:39,0.8687280638464936,3.5969351255979984,False
2004-02-13 08:42:39,2.1576121928497685,3.5969351255979984,False
2004-02-13 08:52:39,1.409998100276846,3.5969351255979984,False
2004-02-13 09:02:39,1.5846401354202442,3.5969351255979984,False
2004-02-13 09:12:39,1.5752643626057186,3.5969351255979984,False
2004-02-13 09:22:39,1.2421088695363647,3.5969351255979984,False
2004-02-13 09:32:39,1.4047629038111507,3.5969351255979984,False
2004-02-13 09:42:39,0.7502401269933785,3.5969351255979984,False
2004-02-13 09:52:39,0.4852318697428019,3.5969351255979984,False
2004-02-13 10:02:39,1.2074690136677826,3.5969351255979984,False
2004-02-13 10:12:39,1.2962870807270912,3.5969351255979984,False
2004-02-13 10:22:39,1.8192397461876308,3.5969351255979984,False
2004-02-13 10:32:39,1.404760897713154,3.5969351255979984,False
2004-02-13 10:42:39,2.5012744002651903,3.5969351255979984,False
2004-02-13 10:52:39,1.1395061874375594,3.5969351255979984,False
2004-02-13 11:02:39,0.631166758194739,3.5969351255979984,False
2004-02-13 11:12:39,0.6168130448993687,3.5969351255979984,False
2004-02-13 11:22:39,1.247280446054199,3.5969351255979984,False
2004-02-13 11:32:39,0.6030870970021492,3.5969351255979984,False
2004-02-13 11:42:39,1.1849979011935192,3.5969351255979984,False
2004-02-13 11:52:39,1.1646004301882058,3.5969351255979984,False
2004-02-13 12:02:39,1.5396369868756428,3.5969351255979984,False
2004-02-13 12:12:39,0.7726336411971418,3.5969351255979984,False
2004-02-13 12:22:39,0.591014654849607,3.5969351255979984,False
2004-02-13 12:32:39,2.154412186672245,3.5969351255979984,False
2004-02-13 12:42:39,0.3779632117447833,3.5969351255979984,False
2004-02-13 12:52:39,1.0231580858191418,3.5969351255979984,False
2004-02-13 13:02:39,0.9278360275019095,3.5969351255979984,False
2004-02-13 13:12:39,0.397082183079336,3.5969351255979984,False
2004-02-13 13:22:39,1.1263929180255488,3.5969351255979984,False
2004-02-13 13:32:39,0.4451460992127598,3.5969351255979984,False
2004-02-13 13:42:39,1.7506204926251214,3.5969351255979984,False
2004-02-13 13:52:39,0.7147080263486659,3.5969351255979984,False
2004-02-13 14:02:39,0.9358774087534342,3.5969351255979984,False
2004-02-13 14:12:39,1.2292641825229356,3.5969351255979984,False
2004-02-13 14:22:39,1.246498476165696,3.5969351255979984,False
2004-02-13 14:32:39,0.7985918880711246,3.5969351255979984,False
2004-02-13 14:42:39,0.958880304636819,3.5969351255979984,False
2004-02-13 14:52:39,0.7068139909222886,3.5969351255979984,False
2004-02-13 15:02:39,0.7577990532947716,3.5969351255979984,False
2004-02-13 15:12:39,0.5979052970574757,3.5969351255979984,False
2004-02-13 15:22:39,0.7141542877121141,3.5969351255979984,False
2004-02-13 15:32:39,0.5472807061682041,3.5969351255979984,False
2004-02-13 15:42:39,0.6549626688462633,3.5969351255979984,False
2004-02-13 15:52:39,0.5314737676606831,3.5969351255979984,False
2004-02-13 16:02:39,0.5307518922873297,3.5969351255979984,False
2004-02-13 16:12:39,0.4210325772897403,3.5969351255979984,False
2004-02-13 16:22:39,0.8814025348217075,3.5969351255979984,False
2004-02-13 16:32:39,0.5883754880367466,3.5969351255979984,False
2004-02-13 16:42:39,1.1306700278506263,3.5969351255979984,False
2004-02-13 16:52:39,0.7958677390511748,3.5969351255979984,False
2004-02-13 17:02:39,0.8234735355734504,3.5969351255979984,False
2004-02-13 17:12:39,1.2582740198121676,3.5969351255979984,False
2004-02-13 17:22:39,0.6654048473978452,3.5969351255979984,False
2004-02-13 17:32:39,1.715778776813557,3.5969351255979984,False
2004-02-13 17:42:39,0.6934888159416547,3.5969351255979984,False
2004-02-13 17:52:39,0.724565921217027,3.5969351255979984,False
2004-02-13 18:02:39,0.38682069016780396,3.5969351255979984,False
2004-02-13 18:12:39,0.7833194276037323,3.5969351255979984,False
2004-02-13 18:22:39,0.6985312161266131,3.5969351255979984,False
2004-02-13 18:32:39,0.5131912657209496,3.5969351255979984,False
2004-02-13 18:42:39,0.5838683570133653,3.5969351255979984,False
2004-02-13 18:52:39,1.2234745552903497,3.5969351255979984,False
2004-02-13 19:02:39,0.7525905316418812,3.5969351255979984,False
2004-02-13 19:12:39,1.76536543399151,3.5969351255979984,False
2004-02-13 19:22:39,0.9088614848223258,3.5969351255979984,False
2004-02-13 19:32:39,0.7567355031315988,3.5969351255979984,False
2004-02-13 19:42:39,0.4357649790962773,3.5969351255979984,False
2004-02-13 19:52:39,1.100315117385024,3.5969351255979984,False
2004-02-13 20:02:39,0.47517645617843307,3.5969351255979984,False
2004-02-13 20:12:39,1.1383068275461823,3.5969351255979984,False
2004-02-13 20:22:39,0.896111814030754,3.5969351255979984,False
2004-02-13 20:32:39,0.5106566892775222,3.5969351255979984,False
2004-02-13 20:42:39,0.6147742403876791,3.5969351255979984,False
2004-02-13 20:52:39,0.5651888650443849,3.5969351255979984,False
2004-02-13 21:02:39,0.3239505296692398,3.5969351255979984,False
2004-02-13 21:12:39,0.2547695952996994,3.5969351255979984,False
2004-02-13 21:22:39,1.255792939738638,3.5969351255979984,False
2004-02-13 21:32:39,0.8495141052086589,3.5969351255979984,False
2004-02-13 21:42:39,0.7329957858726768,3.5969351255979984,False
2004-02-13 21:52:39,1.0415477948293703,3.5969351255979984,False
2004-02-13 22:02:39,0.8294295396245344,3.5969351255979984,False
2004-02-13 22:12:39,1.4388726515592178,3.5969351255979984,False
2004-02-13 22:22:39,0.42245524967024856,3.5969351255979984,False
2004-02-13 22:32:39,0.3188622885967264,3.5969351255979984,False
2004-02-13 22:42:39,1.0389112873075648,3.5969351255979984,False
2004-02-13 22:52:39,0.5399660535521166,3.5969351255979984,False
2004-02-13 23:02:39,0.5540935009038925,3.5969351255979984,False
2004-02-13 23:12:39,0.7242395798653455,3.5969351255979984,False
2004-02-13 23:22:39,0.4645372481328702,3.5969351255979984,False
2004-02-13 23:32:39,0.6400277056168213,3.5969351255979984,False
2004-02-13 23:42:39,0.6286783457231804,3.5969351255979984,False
2004-02-13 23:52:39,0.616339175729001,3.5969351255979984,False
2004-02-14 00:02:39,0.5369318058274255,3.5969351255979984,False
2004-02-14 00:12:39,0.6397811554014343,3.5969351255979984,False
2004-02-14 00:22:39,0.36515826965814857,3.5969351255979984,False
2004-02-14 00:32:39,0.42433546029877994,3.5969351255979984,False
2004-02-14 00:42:39,0.7330996432621197,3.5969351255979984,False
2004-02-14 00:52:39,0.7695942585168131,3.5969351255979984,False
2004-02-14 01:02:39,0.5678911637083675,3.5969351255979984,False
2004-02-14 01:12:39,1.1834183397235976,3.5969351255979984,False
2004-02-14 01:22:39,0.4105745298307807,3.5969351255979984,False
2004-02-14 01:32:39,0.7565220972792722,3.5969351255979984,False
2004-02-14 01:42:39,0.7240859280694475,3.5969351255979984,False
2004-02-14 01:52:39,0.835422695138632,3.5969351255979984,False
2004-02-14 02:02:39,0.3828901453550057,3.5969351255979984,False
2004-02-14 02:12:39,0.31115608889534874,3.5969351255979984,False
2004-02-14 02:22:39,0.5333232615439876,3.5969351255979984,False
2004-02-14 02:32:39,0.6069969348055572,3.5969351255979984,False
2004-02-14 02:42:39,0.6239897935141038,3.5969351255979984,False
2004-02-14 02:52:39,1.0546295082279422,3.5969351255979984,False
2004-02-14 03:02:39,1.0804915545645344,3.5969351255979984,False
2004-02-14 03:12:39,0.40909485135827234,3.5969351255979984,False
2004-02-14 03:22:39,1.0115646540052097,3.5969351255979984,False
2004-02-14 03:32:39,1.3097994382546976,3.5969351255979984,False
2004-02-14 03:42:39,0.3695690337860757,3.5969351255979984,False
2004-02-14 03:52:39,1.4606713840206216,3.5969351255979984,False
2004-02-14 04:02:39,0.4338622324203645,3.5969351255979984,False
2004-02-14 04:12:39,0.8320096693010377,3.5969351255979984,False
2004-02-14 04:22:39,0.4234862901634692,3.5969351255979984,False
2004-02-14 04:32:39,0.5416311409318931,3.5969351255979984,False
2004-02-14 04:42:39,0.5371006708942901,3.5969351255979984,False
2004-02-14 04:52:39,0.5206151525484243,3.5969351255979984,False
2004-02-14 05:02:39,0.45653035339067,3.5969351255979984,False
2004-02-14 05:12:39,0.4459928955911612,3.5969351255979984,False
2004-02-14 05:22:39,0.2542842576729121,3.5969351255979984,False
2004-02-14 05:32:39,0.9275881788460095,3.5969351255979984,False
2004-02-14 05:42:39,0.875791840003232,3.5969351255979984,False
2004-02-14 05:52:39,0.34633752097048415,3.5969351255979984,False
2004-02-14 06:02:39,0.470174191685188,3.5969351255979984,False
2004-02-14 06:12:39,0.4441549011793183,3.5969351255979984,False
2004-02-14 06:22:39,0.8303522429603604,3.5969351255979984,False
2004-02-14 06:32:39,0.6317106333679474,3.5969351255979984,False
2004-02-14 06:42:39,0.5015218989341167,3.5969351255979984,False
2004-02-14 06:52:39,0.6724237821946747,3.5969351255979984,False
2004-02-14 07:02:39,0.48560358303551215,3.5969351255979984,False
2004-02-14 07:12:39,0.9434615409593532,3.5969351255979984,False
2004-02-14 07:22:39,0.6766033723001386,3.5969351255979984,False
2004-02-14 07:32:39,0.4311746645679178,3.5969351255979984,False
2004-02-14 07:42:39,0.6675524805228625,3.5969351255979984,False
2004-02-14 07:52:39,0.7248830817838866,3.5969351255979984,False
2004-02-14 08:02:39,0.5840293370415,3.5969351255979984,False
2004-02-14 08:12:39,0.6672500018815875,3.5969351255979984,False
2004-02-14 08:22:39,0.3196180443713152,3.5969351255979984,False
2004-02-14 08:32:39,0.4025319453142594,3.5969351255979984,False
2004-02-14 08:42:39,0.9973054347812276,3.5969351255979984,False
2004-02-14 08:52:39,0.7676785256169524,3.5969351255979984,False
2004-02-14 09:02:39,1.4481718590517378,3.5969351255979984,False
2004-02-14 09:12:39,0.639014526542783,3.5969351255979984,False
2004-02-14 09:22:39,0.6067754189887564,3.5969351255979984,False
2004-02-14 09:32:39,0.9792640411317941,3.5969351255979984,False
2004-02-14 09:42:39,0.6771599421088458,3.5969351255979984,False
2004-02-14 09:52:39,0.4273395068111878,3.5969351255979984,False
2004-02-14 10:02:39,1.1544016268321646,3.5969351255979984,False
2004-02-14 10:12:39,0.5333301938158796,3.5969351255979984,False
2004-02-14 10:22:39,0.9552610887276202,3.5969351255979984,False
2004-02-14 10:32:39,0.5251232411301486,3.5969351255979984,False
2004-02-14 10:42:39,1.0819969807217529,3.5969351255979984,False
2004-02-14 10:52:39,0.4597637493343038,3.5969351255979984,False
2004-02-14 11:02:39,0.5866628895670087,3.5969351255979984,False
2004-02-14 11:12:39,1.1745887515635416,3.5969351255979984,False
2004-02-14 11:22:39,1.4498406812413582,3.5969351255979984,False
2004-02-14 11:32:39,0.26822867066368006,3.5969351255979984,False
2004-02-14 11:42:39,0.42046178442191995,3.5969351255979984,False
2004-02-14 11:52:39,0.3564667295918142,3.5969351255979984,False
2004-02-14 12:02:39,1.9021701408517713,3.5969351255979984,False
2004-02-14 12:12:39,0.57330773629118,3.5969351255979984,False
2004-02-14 12:22:39,0.5212135227488383,3.5969351255979984,False
2004-02-14 12:32:39,0.37524449377287733,3.5969351255979984,False
2004-02-14 12:42:39,0.8169478876532167,3.5969351255979984,False
2004-02-14 12:52:39,0.6618352563656146,3.5969351255979984,False
2004-02-14 13:02:39,0.6612196440638309,3.5969351255979984,False
2004-02-14 13:12:39,0.5618221009322196,3.5969351255979984,False
2004-02-14 13:22:39,1.3075181313383517,3.5969351255979984,False
2004-02-14 13:32:39,1.0288236995358442,3.5969351255979984,False
2004-02-14 13:42:39,0.5169367033101636,3.5969351255979984,False
2004-02-14 13:52:39,0.9790935660901906,3.5969351255979984,False
2004-02-14 14:02:39,1.1372351153711762,3.5969351255979984,False
2004-02-14 14:12:39,0.8392350554563501,3.5969351255979984,False
2004-02-14 14:22:39,0.5672083476285796,3.5969351255979984,False
2004-02-14 14:32:39,1.7416831368234216,3.5969351255979984,False
2004-02-14 14:42:39,1.3156082190175482,3.5969351255979984,False
2004-02-14 14:52:39,0.5093475900590216,3.5969351255979984,False
2004-02-14 15:02:39,0.8334045063999945,3.5969351255979984,False
2004-02-14 15:12:39,0.8130664431148115,3.5969351255979984,False
2004-02-14 15:22:39,0.748694419025744,3.5969351255979984,False
2004-02-14 15:32:39,0.6816660502132963,3.5969351255979984,False
2004-02-14 15:42:39,1.197544353956189,3.5969351255979984,False
2004-02-14 15:52:39,0.5308731462370107,3.5969351255979984,False
2004-02-14 16:02:39,0.682476236412781,3.5969351255979984,False
2004-02-14 16:12:39,0.6704918402044987,3.5969351255979984,False
2004-02-14 16:22:39,0.7781363896713789,3.5969351255979984,False
2004-02-14 16:32:39,0.4738143098360982,3.5969351255979984,False
2004-02-14 16:42:39,0.6073365594288438,3.5969351255979984,False
2004-02-14 16:52:39,0.6988380315776326,3.5969351255979984,False
2004-02-14 17:02:39,0.48792966605398086,3.5969351255979984,False
2004-02-14 17:12:39,0.44771272790033206,3.5969351255979984,False
2004-02-14 17:22:39,0.7500353029680278,3.5969351255979984,False
2004-02-14 17:32:39,0.80115525955148,3.5969351255979984,False
2004-02-14 17:42:39,0.5647154405331197,3.5969351255979984,False
2004-02-14 17:52:39,1.038940583224148,3.5969351255979984,False
2004-02-14 18:02:39,1.3882539704232717,3.5969351255979984,False
2004-02-14 18:12:39,0.8647414786357553,3.5969351255979984,False
2004-02-14 18:22:39,0.8595640855447858,3.5969351255979984,False
2004-02-14 18:32:39,0.770195988026616,3.5969351255979984,False
2004-02-14 18:42:39,0.34870538823634795,3.5969351255979984,False
2004-02-14 18:52:39,0.30587204697367015,3.5969351255979984,False
2004-02-14 19:02:39,0.5514993139023212,3.5969351255979984,False
2004-02-14 19:12:39,0.5867657968350058,3.5969351255979984,False
2004-02-14 19:22:39,1.2110090815327061,3.5969351255979984,False
2004-02-14 19:32:39,0.9026623152829463,3.5969351255979984,False
2004-02-14 19:42:39,0.544930241235723,3.5969351255979984,False
2004-02-14 19:52:39,1.2224559360992904,3.5969351255979984,False
2004-02-14 20:02:39,0.417449757252504,3.5969351255979984,False
2004-02-14 20:12:39,0.5451951781705869,3.5969351255979984,False
2004-02-14 20:22:39,0.4933859520703107,3.5969351255979984,False
2004-02-14 20:32:39,1.2058011271857045,3.5969351255979984,False
2004-02-14 20:42:39,1.366468147286348,3.5969351255979984,False
2004-02-14 20:52:39,1.5144629741247972,3.5969351255979984,False
2004-02-14 21:02:39,0.7028493811894757,3.5969351255979984,False
2004-02-14 21:12:39,0.5419828590447485,3.5969351255979984,False
2004-02-14 21:22:39,0.876874882960182,3.5969351255979984,False
2004-02-14 21:32:39,0.7797428286162773,3.5969351255979984,False
2004-02-14 21:42:39,1.570178022238828,3.5969351255979984,False
2004-02-14 21:52:39,0.4973992927376478,3.5969351255979984,False
2004-02-14 22:02:39,0.552412066488801,3.5969351255979984,False
2004-02-14 22:12:39,0.6893941582061719,3.5969351255979984,False
2004-02-14 22:22:39,0.9233951724317008,3.5969351255979984,False
2004-02-14 22:32:39,0.7535724288414365,3.5969351255979984,False
2004-02-14 22:42:39,1.809719567499854,3.5969351255979984,False
2004-02-14 22:52:39,0.9682727750058261,3.5969351255979984,False
2004-02-14 23:02:39,0.5710848118954042,3.5969351255979984,False
2004-02-14 23:12:39,0.39419970058006926,3.5969351255979984,False
2004-02-14 23:22:39,0.534231031817148,3.5969351255979984,False
2004-02-14 23:32:39,0.786602975070719,3.5969351255979984,False
2004-02-14 23:42:39,0.759833827731249,3.5969351255979984,False
2004-02-14 23:52:39,1.2661568525444613,3.5969351255979984,False
2004-02-15 00:02:39,0.9513945046416815,3.5969351255979984,False
2004-02-15 00:12:39,0.9160416462581996,3.5969351255979984,False
2004-02-15 00:22:39,1.5797535655928912,3.5969351255979984,False
2004-02-15 00:32:39,1.0272494660693574,3.5969351255979984,False
2004-02-15 00:42:39,0.8672059539251862,3.5969351255979984,False
2004-02-15 00:52:39,0.9804473170958488,3.5969351255979984,False
2004-02-15 01:02:39,0.9239831821688217,3.5969351255979984,False
2004-02-15 01:12:39,0.7215087360050185,3.5969351255979984,False
2004-02-15 01:22:39,1.3478518078325221,3.5969351255979984,False
2004-02-15 01:32:39,1.4342031094123866,3.5969351255979984,False
2004-02-15 01:42:39,1.213956822542499,3.5969351255979984,False
2004-02-15 01:52:39,0.8802185840814905,3.5969351255979984,False
2004-02-15 02:02:39,1.0739772922386601,3.5969351255979984,False
2004-02-15 02:12:39,0.8590504017968912,3.5969351255979984,False
2004-02-15 02:22:39,0.7790946587007187,3.5969351255979984,False
2004-02-15 02:32:39,0.8936604477311992,3.5969351255979984,False
2004-02-15 02:42:39,0.40581764804433557,3.5969351255979984,False
2004-02-15 02:52:39,0.8002785628722516,3.5969351255979984,False
2004-02-15 03:02:39,1.452687818285772,3.5969351255979984,False
2004-02-15 03:12:39,0.8282294206608021,3.5969351255979984,False
2004-02-15 03:22:39,0.48780666005351836,3.5969351255979984,False
2004-02-15 03:32:39,0.9194330712411157,3.5969351255979984,False
2004-02-15 03:42:39,0.8039171384756902,3.5969351255979984,False
2004-02-15 03:52:39,0.4397282595932542,3.5969351255979984,False
2004-02-15 04:02:39,0.6096908800107317,3.5969351255979984,False
2004-02-15 04:12:39,0.5859545641930207,3.5969351255979984,False
2004-02-15 04:22:39,0.7449681600753391,3.5969351255979984,False
2004-02-15 04:32:39,0.5211736689357613,3.5969351255979984,False
2004-02-15 04:42:39,0.8999274286689201,3.5969351255979984,False
2004-02-15 04:52:39,2.0394363878171093,3.5969351255979984,False
2004-02-15 05:02:39,0.6576348014638366,3.5969351255979984,False
2004-02-15 05:12:39,0.7187550760625051,3.5969351255979984,False
2004-02-15 05:22:39,1.5404447309203462,3.5969351255979984,False
2004-02-15 05:32:39,0.7176205473295041,3.5969351255979984,False
2004-02-15 05:42:39,2.2480822771148916,3.5969351255979984,False
2004-02-15 05:52:39,1.4946819727371887,3.5969351255979984,False
2004-02-15 06:02:39,0.7470075544686426,3.5969351255979984,False
2004-02-15 06:12:39,1.1164794442442902,3.5969351255979984,False
2004-02-15 06:22:39,1.5278346308637267,3.5969351255979984,False
2004-02-15 06:32:39,0.7618448500889226,3.5969351255979984,False
2004-02-15 06:42:39,0.8951738783343882,3.5969351255979984,False
2004-02-15 06:52:39,1.059619333972604,3.5969351255979984,False
2004-02-15 07:02:39,0.5995319760619023,3.5969351255979984,False
2004-02-15 07:12:39,0.9508369082949971,3.5969351255979984,False
2004-02-15 07:22:39,1.7521092873563786,3.5969351255979984,False
2004-02-15 07:32:39,0.6685061907946594,3.5969351255979984,False
2004-02-15 07:42:39,0.7008156216209563,3.5969351255979984,False
2004-02-15 07:52:39,0.9438989881081196,3.5969351255979984,False
2004-02-15 08:02:39,1.123261127734037,3.5969351255979984,False
2004-02-15 08:12:39,0.9772680537383205,3.5969351255979984,False
2004-02-15 08:22:39,1.5767262372719464,3.5969351255979984,False
2004-02-15 08:32:39,0.4505908320872324,3.5969351255979984,False
2004-02-15 08:42:39,0.6841932904086937,3.5969351255979984,False
2004-02-15 08:52:39,0.8586194635816049,3.5969351255979984,False
2004-02-15 09:02:39,0.6253578834078826,3.5969351255979984,False
2004-02-15 09:12:39,1.1970605798050467,3.5969351255979984,False
2004-02-15 09:22:39,0.40086029676996743,3.5969351255979984,False
2004-02-15 09:32:39,0.9401281154222972,3.5969351255979984,False
2004-02-15 09:42:39,0.8773627098249452,3.5969351255979984,False
2004-02-15 09:52:39,0.9180692610759227,3.5969351255979984,False
2004-02-15 10:02:39,0.5348538646099612,3.5969351255979984,False
2004-02-15 10:12:39,1.0012654484346302,3.5969351255979984,False
2004-02-15 10:22:39,1.0338633305203395,3.5969351255979984,False
2004-02-15 10:32:39,0.9750892053557407,3.5969351255979984,False
2004-02-15 10:42:39,1.6372587434740369,3.5969351255979984,False
2004-02-15 10:52:39,0.7646087956200708,3.5969351255979984,False
2004-02-15 11:02:39,0.9432829063108532,3.5969351255979984,False
2004-02-15 11:12:39,0.3537975403609569,3.5969351255979984,False
2004-02-15 11:22:39,1.146047982765359,3.5969351255979984,False
2004-02-15 11:32:39,1.2714591231630454,3.5969351255979984,False
2004-02-15 11:42:39,1.0595089039551644,3.5969351255979984,False
2004-02-15 11:52:39,0.635373741680341,3.5969351255979984,False
2004-02-15 12:02:39,1.2060191051687552,3.5969351255979984,False
2004-02-15 12:12:39,1.1746995593892446,3.5969351255979984,False
2004-02-15 12:22:39,0.5014036307345616,3.5969351255979984,False
2004-02-15 12:32:39,0.9202030780884733,3.5969351255979984,False
2004-02-15 12:42:39,0.7985784415550257,3.5969351255979984,False
2004-02-15 12:52:39,1.1038448845333735,3.5969351255979984,False
2004-02-15 13:02:39,0.8314791868379181,3.5969351255979984,False
2004-02-15 13:12:39,1.268757200255489,3.5969351255979984,False
2004-02-15 13:22:39,0.8950710725772235,3.5969351255979984,False
2004-02-15 13:32:39,0.5955507513892213,3.5969351255979984,False
2004-02-15 13:42:39,0.5294948631866276,3.5969351255979984,False
2004-02-15 13:52:39,0.842370011072813,3.5969351255979984,False
2004-02-15 14:02:39,0.5203307825360436,3.5969351255979984,False
2004-02-15 14:12:39,0.581170949930237,3.5969351255979984,False
2004-02-15 14:22:39,1.1660542541037153,3.5969351255979984,False
2004-02-15 14:32:39,1.669475179426995,3.5969351255979984,False
2004-02-15 14:42:39,1.0033896830606608,3.5969351255979984,False
2004-02-15 14:52:39,0.4044977112020105,3.5969351255979984,False
2004-02-15 15:02:39,0.39710035190174636,3.5969351255979984,False
2004-02-15 15:12:39,0.8511603706293084,3.5969351255979984,False
2004-02-15 15:22:39,1.179976320247874,3.5969351255979984,False
2004-02-15 15:32:39,0.4994943983467203,3.5969351255979984,False
2004-02-15 15:42:39,0.9938758618950622,3.5969351255979984,False
2004-02-15 15:52:39,1.0683408995157193,3.5969351255979984,False
2004-02-15 16:02:39,1.662870885887619,3.5969351255979984,False
2004-02-15 16:12:39,0.7034345341671169,3.5969351255979984,False
2004-02-15 16:22:39,1.1591674079052978,3.5969351255979984,False
2004-02-15 16:32:39,0.4791973446230976,3.5969351255979984,False
2004-02-15 16:42:39,1.426316944027643,3.5969351255979984,False
2004-02-15 16:52:39,0.589982879211883,3.5969351255979984,False
2004-02-15 17:02:39,0.9859575856480829,3.5969351255979984,False
2004-02-15 17:12:39,1.0970077326317185,3.5969351255979984,False
2004-02-15 17:22:39,1.2750886523423324,3.5969351255979984,False
2004-02-15 17:32:39,0.913517425674334,3.5969351255979984,False
2004-02-15 17:42:39,0.8393233249696724,3.5969351255979984,False
2004-02-15 17:52:39,0.7449610910523083,3.5969351255979984,False
2004-02-15 18:02:39,1.2216323008553647,3.5969351255979984,False
2004-02-15 18:12:39,0.8736692022855582,3.5969351255979984,False
2004-02-15 18:22:39,0.7205425692323217,3.5969351255979984,False
2004-02-15 18:32:39,1.1993336627029565,3.5969351255979984,False
2004-02-15 18:42:39,0.8838665735064005,3.5969351255979984,False
2004-02-15 18:52:39,1.0813505111326949,3.5969351255979984,False
2004-02-15 19:02:39,1.0383080235599798,3.5969351255979984,False
2004-02-15 19:12:39,1.0143672075664716,3.5969351255979984,False
2004-02-15 19:22:39,0.9058283481743364,3.5969351255979984,False
2004-02-15 19:32:39,1.2435364308802068,3.5969351255979984,False
2004-02-15 19:42:39,1.0284104638895577,3.5969351255979984,False
2004-02-15 19:52:39,0.510057539237432,3.5969351255979984,False
2004-02-15 20:02:39,1.5521469529442093,3.5969351255979984,False
2004-02-15 20:12:39,1.4724173843136903,3.5969351255979984,False
2004-02-15 20:22:39,1.2740561084918967,3.5969351255979984,False
2004-02-15 20:32:39,1.2288288083436678,3.5969351255979984,False
2004-02-15 20:42:39,1.2780370987021603,3.5969351255979984,False
2004-02-15 20:52:39,2.1632536475954747,3.5969351255979984,False
2004-02-15 21:02:39,1.7305339829265163,3.5969351255979984,False
2004-02-15 21:12:39,0.9847989156586968,3.5969351255979984,False
2004-02-15 21:22:39,0.3931675541534006,3.5969351255979984,False
2004-02-15 21:32:39,0.866174714367928,3.5969351255979984,False
2004-02-15 21:42:39,0.8773039593028417,3.5969351255979984,False
2004-02-15 21:52:39,1.8114272794829926,3.5969351255979984,False
2004-02-15 22:02:39,1.336471503160912,3.5969351255979984,False
2004-02-15 22:12:39,0.8259866161744472,3.5969351255979984,False
2004-02-15 22:22:39,0.65893102208258,3.5969351255979984,False
2004-02-15 22:32:39,0.4724846678516448,3.5969351255979984,False
2004-02-15 22:42:39,0.5275241257547664,3.5969351255979984,False
2004-02-15 22:52:39,1.0442834241240606,3.5969351255979984,False
2004-02-15 23:02:39,0.42127810213300765,3.5969351255979984,False
2004-02-15 23:12:39,0.8182635488303419,3.5969351255979984,False
2004-02-15 23:22:39,0.7917626360617952,3.5969351255979984,False
2004-02-15 23:32:39,0.9683770575908814,3.5969351255979984,False
2004-02-15 23:42:39,0.8578189612323337,3.5969351255979984,False
2004-02-15 23:52:39,0.2850490464093422,3.5969351255979984,False
2004-02-16 00:02:39,0.7639475419871727,3.5969351255979984,False
2004-02-16 00:12:39,1.2104514350944817,3.5969351255979984,False
2004-02-16 00:22:39,0.7439915314875575,3.5969351255979984,False
2004-02-16 00:32:39,1.1111330123231005,3.5969351255979984,False
2004-02-16 00:42:39,0.6227155990045651,3.5969351255979984,False
2004-02-16 00:52:39,1.0566379202461973,3.5969351255979984,False
2004-02-16 01:02:39,1.1207106234059188,3.5969351255979984,False
2004-02-16 01:12:39,0.57514879078443,3.5969351255979984,False
2004-02-16 01:22:39,1.2860900375601518,3.5969351255979984,False
2004-02-16 01:32:39,0.9792869613964853,3.5969351255979984,False
2004-02-16 01:42:39,0.5170198743520343,3.5969351255979984,False
2004-02-16 01:52:39,0.918935780177947,3.5969351255979984,False
2004-02-16 02:02:39,0.6062027189648789,3.5969351255979984,False
2004-02-16 02:12:39,0.8942498873588601,3.5969351255979984,False
2004-02-16 02:22:39,0.7545941985207008,3.5969351255979984,False
2004-02-16 02:32:39,0.6910494156354544,3.5969351255979984,False
2004-02-16 02:42:39,1.1905933523873011,3.5969351255979984,False
2004-02-16 02:52:39,0.3382357484538414,3.5969351255979984,False
2004-02-16 03:02:39,1.0563337818598058,3.5969351255979984,False
2004-02-16 03:12:39,0.3647332577502748,3.5969351255979984,False
2004-02-16 03:22:39,0.23747738716260072,3.5969351255979984,False
2004-02-16 03:32:39,1.077714143054487,3.5969351255979984,False
2004-02-16 03:42:39,1.2449546949631296,3.5969351255979984,False
2004-02-16 03:52:39,1.0796224704592725,3.5969351255979984,False
2004-02-16 04:02:39,0.8091302462112,3.5969351255979984,False
2004-02-16 04:12:39,0.8566511768345292,3.5969351255979984,False
2004-02-16 04:22:39,0.23858364757803924,3.5969351255979984,False
2004-02-16 04:32:39,0.32968922870600814,3.5969351255979984,False
2004-02-16 04:42:39,0.7467390867086485,3.5969351255979984,False
2004-02-16 04:52:39,0.5844041985089918,3.5969351255979984,False
2004-02-16 05:02:39,0.4374348752838386,3.5969351255979984,False
2004-02-16 05:12:39,1.3316349328006654,3.5969351255979984,False
2004-02-16 05:22:39,1.3035634190033025,3.5969351255979984,False
2004-02-16 05:32:39,0.9622051376678543,3.5969351255979984,False
2004-02-16 05:42:39,0.28821961242814137,3.5969351255979984,False
2004-02-16 05:52:39,0.8391856955903401,3.5969351255979984,False
2004-02-16 06:02:39,0.41359502993667335,3.5969351255979984,False
2004-02-16 06:12:39,0.20548912013418985,3.5969351255979984,False
2004-02-16 06:22:39,0.4306328801151781,3.5969351255979984,False
2004-02-16 06:32:39,0.842382465694051,3.5969351255979984,False
2004-02-16 06:42:39,0.6686144723632491,3.5969351255979984,False
2004-02-16 06:52:39,0.5973586611713818,3.5969351255979984,False
2004-02-16 07:02:39,1.0249049088619355,3.5969351255979984,False
2004-02-16 07:12:39,1.4758799701516334,3.5969351255979984,False
2004-02-16 07:22:39,0.6970311658775332,3.5969351255979984,False
2004-02-16 07:32:39,2.094588170274062,3.5969351255979984,False
2004-02-16 07:42:39,0.8510182595461188,3.5969351255979984,False
2004-02-16 07:52:39,0.7491684983042026,3.5969351255979984,False
2004-02-16 08:02:39,0.8396810737932494,3.5969351255979984,False
2004-02-16 08:12:39,0.8698315609586134,3.5969351255979984,False
2004-02-16 08:22:39,1.0442659735787632,3.5969351255979984,False
2004-02-16 08:32:39,0.7253559856428369,3.5969351255979984,False
2004-02-16 08:42:39,0.832999447399246,3.5969351255979984,False
2004-02-16 08:52:39,0.2321901074129808,3.5969351255979984,False
2004-02-16 09:02:39,1.0951493535038663,3.5969351255979984,False
2004-02-16 09:12:39,1.2191131735826686,3.5969351255979984,False
2004-02-16 09:22:39,0.8280477926816504,3.5969351255979984,False
2004-02-16 09:32:39,0.30818329688813145,3.5969351255979984,False
2004-02-16 09:42:39,0.4752508521379593,3.5969351255979984,False
2004-02-16 09:52:39,1.4362654048174597,3.5969351255979984,False
2004-02-16 10:02:39,0.4100233461249331,3.5969351255979984,False
2004-02-16 10:12:39,0.9432168819401265,3.5969351255979984,False
2004-02-16 10:22:39,0.709854481045442,3.5969351255979984,False
2004-02-16 10:32:39,0.7653561187295209,3.5969351255979984,False
2004-02-16 10:42:39,1.155578654571565,3.5969351255979984,False
2004-02-16 10:52:39,1.3061337580541703,3.5969351255979984,False
2004-02-16 11:02:39,0.8997807898711103,3.5969351255979984,False
2004-02-16 11:12:39,0.9027503850160027,3.5969351255979984,False
2004-02-16 11:22:39,0.6359425212527398,3.5969351255979984,False
2004-02-16 11:32:39,1.3545716706949915,3.5969351255979984,False
2004-02-16 11:42:39,0.16589383410607716,3.5969351255979984,False
2004-02-16 11:52:39,0.9264787898395764,3.5969351255979984,False
2004-02-16 12:02:39,1.4471355255338023,3.5969351255979984,False
2004-02-16 12:12:39,0.8528389731969097,3.5969351255979984,False
2004-02-16 12:22:39,0.5472077760625204,3.5969351255979984,False
2004-02-16 12:32:39,1.081570523680964,3.5969351255979984,False
2004-02-16 12:42:39,0.46091895200408783,3.5969351255979984,False
2004-02-16 12:52:39,1.5752487305260408,3.5969351255979984,False
2004-02-16 13:02:39,1.284235562576298,3.5969351255979984,False
2004-02-16 13:12:39,0.5719489267762614,3.5969351255979984,False
2004-02-16 13:22:39,1.0432330756548374,3.5969351255979984,False
2004-02-16 13:32:39,0.6482491505505154,3.5969351255979984,False
2004-02-16 13:42:39,1.0162331996106349,3.5969351255979984,False
2004-02-16 13:52:39,0.9913094720292023,3.5969351255979984,False
2004-02-16 14:02:39,0.22576194099501748,3.5969351255979984,False
2004-02-16 14:12:39,0.236228319063302,3.5969351255979984,False
2004-02-16 14:22:39,0.42494140457289015,3.5969351255979984,False
2004-02-16 14:32:39,0.0466452190975308,3.5969351255979984,False
2004-02-16 14:42:39,1.6773204712749774,3.5969351255979984,False
2004-02-16 14:52:39,1.1182479782446006,3.5969351255979984,False
2004-02-16 15:02:39,0.6794179249576632,3.5969351255979984,False
2004-02-16 15:12:39,1.1808713437240268,3.5969351255979984,False
2004-02-16 15:22:39,0.05151457632769072,3.5969351255979984,False
2004-02-16 15:32:39,1.221574401824596,3.5969351255979984,False
2004-02-16 15:42:39,0.461503388719887,3.5969351255979984,False
2004-02-16 15:52:39,0.44490272596745234,3.5969351255979984,False
2004-02-16 16:02:39,0.4557352170527439,3.5969351255979984,False
2004-02-16 16:12:39,0.8900490928439571,3.5969351255979984,False
2004-02-16 16:22:39,1.1800775299371449,3.5969351255979984,False
2004-02-16 16:32:39,0.9785517957056203,3.5969351255979984,False
2004-02-16 16:42:39,0.43184887656524246,3.5969351255979984,False
2004-02-16 16:52:39,0.8322733948758461,3.5969351255979984,False
2004-02-16 17:02:39,1.0665445194497922,3.5969351255979984,False
2004-02-16 17:12:39,1.010935472955597,3.5969351255979984,False
2004-02-16 17:22:39,0.6530646519825926,3.5969351255979984,False
2004-02-16 17:32:39,0.3779415994818793,3.5969351255979984,False
2004-02-16 17:42:39,0.5106982349619672,3.5969351255979984,False
2004-02-16 17:52:39,1.7810035835013365,3.5969351255979984,False
2004-02-16 18:02:39,0.6205056588961352,3.5969351255979984,False
2004-02-16 18:12:39,0.698519338304277,3.5969351255979984,False
2004-02-16 18:22:39,0.41179396149473796,3.5969351255979984,False
2004-02-16 18:32:39,0.2612916572538804,3.5969351255979984,False
2004-02-16 18:42:39,0.9575775475211172,3.5969351255979984,False
2004-02-16 18:52:39,1.482672925137859,3.5969351255979984,False
2004-02-16 19:02:39,1.070965663163594,3.5969351255979984,False
2004-02-16 19:12:39,0.5184655849810338,3.5969351255979984,False
2004-02-16 19:22:39,0.4858408830568303,3.5969351255979984,False
2004-02-16 19:32:39,0.7817763468422033,3.5969351255979984,False
2004-02-16 19:42:39,1.0809372446814478,3.5969351255979984,False
2004-02-16 19:52:39,0.5735929670727707,3.5969351255979984,False
2004-02-16 20:02:39,1.0547020299442185,3.5969351255979984,False
2004-02-16 20:12:39,0.840923827579265,3.5969351255979984,False
2004-02-16 20:22:39,0.9278841874961935,3.5969351255979984,False
2004-02-16 20:32:39,1.4920270031617573,3.5969351255979984,False
2004-02-16 20:42:39,1.0165694218275128,3.5969351255979984,False
2004-02-16 20:52:39,1.320468641181222,3.5969351255979984,False
2004-02-16 21:02:39,0.42854044714154194,3.5969351255979984,False
2004-02-16 21:12:39,1.2935260245125793,3.5969351255979984,False
2004-02-16 21:22:39,1.4337393997727905,3.5969351255979984,False
2004-02-16 21:32:39,1.235991050835951,3.5969351255979984,False
2004-02-16 21:42:39,1.4718533598590617,3.5969351255979984,False
2004-02-16 21:52:39,0.8986288361127095,3.5969351255979984,False
2004-02-16 22:02:39,0.9420324191872568,3.5969351255979984,False
2004-02-16 22:12:39,0.5092743428891789,3.5969351255979984,False
2004-02-16 22:22:39,0.39965942892151013,3.5969351255979984,False
2004-02-16 22:32:39,1.4131163844284826,3.5969351255979984,False
2004-02-16 22:42:39,0.6048335016351505,3.5969351255979984,False
2004-02-16 22:52:39,1.1032515859984573,3.5969351255979984,False
2004-02-16 23:02:39,1.5463996576668515,3.5969351255979984,False
2004-02-16 23:12:39,1.3343850320984705,3.5969351255979984,False
2004-02-16 23:22:39,1.4616768173265005,3.5969351255979984,False
2004-02-16 23:32:39,1.0467129134586077,3.5969351255979984,False
2004-02-16 23:42:39,0.8353510711749009,3.5969351255979984,False
2004-02-16 23:52:39,1.4822883925572206,3.5969351255979984,False
2004-02-17 00:02:39,0.843980571255906,3.5969351255979984,False
2004-02-17 00:12:39,0.6310974124991825,3.5969351255979984,False
2004-02-17 00:22:39,0.7004697530869067,3.5969351255979984,False
2004-02-17 00:32:39,1.3209108576319308,3.5969351255979984,False
2004-02-17 00:42:39,1.65128048272026,3.5969351255979984,False
2004-02-17 00:52:39,1.1250529301718588,3.5969351255979984,False
2004-02-17 01:02:39,1.9910891067339096,3.5969351255979984,False
2004-02-17 01:12:39,1.6913867028868816,3.5969351255979984,False
2004-02-17 01:22:39,1.2110382296849125,3.5969351255979984,False
2004-02-17 01:32:39,1.3048246108806103,3.5969351255979984,False
2004-02-17 01:42:39,1.5542646021482516,3.5969351255979984,False
2004-02-17 01:52:39,2.2584549347292446,3.5969351255979984,False
2004-02-17 02:02:39,1.2947827677938126,3.5969351255979984,False
2004-02-17 02:12:39,1.6316844287569785,3.5969351255979984,False
2004-02-17 02:22:39,0.7939402749568862,3.5969351255979984,False
2004-02-17 02:32:39,0.541396987542869,3.5969351255979984,False
2004-02-17 02:42:39,0.5860184291690328,3.5969351255979984,False
2004-02-17 02:52:39,1.5852197510769412,3.5969351255979984,False
2004-02-17 03:02:39,1.1552427787844934,3.5969351255979984,False
2004-02-17 03:12:39,1.3795535836417088,3.5969351255979984,False
2004-02-17 03:22:39,0.7939150657440637,3.5969351255979984,False
2004-02-17 03:32:39,1.3490748290886714,3.5969351255979984,False
2004-02-17 03:42:39,1.3583015275160517,3.5969351255979984,False
2004-02-17 03:52:39,0.7392900709066808,3.5969351255979984,False
2004-02-17 04:02:39,1.7370213779890256,3.5969351255979984,False
2004-02-17 04:12:39,1.473202234503631,3.5969351255979984,False
2004-02-17 04:22:39,1.5019509381090845,3.5969351255979984,False
2004-02-17 04:32:39,1.3979239421025418,3.5969351255979984,False
2004-02-17 04:42:39,1.8330295999721904,3.5969351255979984,False
2004-02-17 04:52:39,1.0902318756358327,3.5969351255979984,False
2004-02-17 05:02:39,1.4932549439364613,3.5969351255979984,False
2004-02-17 05:12:39,0.974963456644248,3.5969351255979984,False
2004-02-17 05:22:39,1.168054812303794,3.5969351255979984,False
2004-02-17 05:32:39,0.9020563013558706,3.5969351255979984,False
2004-02-17 05:42:39,1.606463216904832,3.5969351255979984,False
2004-02-17 05:52:39,0.63445697835614,3.5969351255979984,False
2004-02-17 06:02:39,1.134919235337518,3.5969351255979984,False
2004-02-17 06:12:39,1.1823907985378714,3.5969351255979984,False
2004-02-17 06:22:39,1.5624751975453306,3.5969351255979984,False
2004-02-17 06:32:39,1.0755020772990747,3.5969351255979984,False
2004-02-17 06:42:39,1.3151796921962269,3.5969351255979984,False
2004-02-17 06:52:39,1.4696663913883523,3.5969351255979984,False
2004-02-17 07:02:39,1.1125519033559113,3.5969351255979984,False
2004-02-17 07:12:39,1.3117969804972227,3.5969351255979984,False
2004-02-17 07:22:39,1.8066409099189407,3.5969351255979984,False
2004-02-17 07:32:39,3.390723191863944,3.5969351255979984,False
2004-02-17 07:42:39,3.726376437388829,3.5969351255979984,True
2004-02-17 07:52:39,3.5068502590947905,3.5969351255979984,False
2004-02-17 08:02:39,3.505630992647609,3.5969351255979984,False
2004-02-17 08:12:39,3.4082761772452406,3.5969351255979984,False
2004-02-17 08:22:39,3.2190595447164694,3.5969351255979984,False
2004-02-17 08:32:39,3.517751605591189,3.5969351255979984,False
2004-02-17 08:42:39,3.350365881043538,3.5969351255979984,False
2004-02-17 08:52:39,3.4785830932553083,3.5969351255979984,False
2004-02-17 09:02:39,3.961581730146284,3.5969351255979984,True
2004-02-17 09:12:39,3.301907411614792,3.5969351255979984,False
2004-02-17 09:22:39,3.5618827438453873,3.5969351255979984,False
2004-02-17 09:32:39,3.4260188641451554,3.5969351255979984,False
2004-02-17 09:42:39,3.355811238137602,3.5969351255979984,False
2004-02-17 09:52:39,3.3200702523398182,3.5969351255979984,False
2004-02-17 10:02:39,3.2914347050625574,3.5969351255979984,False
2004-02-17 10:12:39,3.3340066789909804,3.5969351255979984,False
2004-02-17 10:22:39,3.270424683670896,3.5969351255979984,False
2004-02-17 10:32:39,3.339257272872566,3.5969351255979984,False
2004-02-17 10:42:39,3.1425281917584393,3.5969351255979984,False
2004-02-17 10:52:39,3.2846926378660584,3.5969351255979984,False
2004-02-17 11:02:39,3.1702854116554224,3.5969351255979984,False
2004-02-17 11:12:39,3.4259091537441764,3.5969351255979984,False
2004-02-17 11:22:39,3.5561066470165335,3.5969351255979984,False
2004-02-17 11:32:39,3.530687544645604,3.5969351255979984,False
2004-02-17 11:42:39,3.5579994401449277,3.5969351255979984,False
2004-02-17 11:52:39,3.381474542678481,3.5969351255979984,False
2004-02-17 12:02:39,3.245230421761899,3.5969351255979984,False
2004-02-17 12:12:39,3.5170320483053596,3.5969351255979984,False
2004-02-17 12:22:39,3.1427230387539433,3.5969351255979984,False
2004-02-17 12:32:39,3.1775145988604123,3.5969351255979984,False
2004-02-17 12:42:39,3.000735698700213,3.5969351255979984,False
2004-02-17 12:52:39,3.2386075569768527,3.5969351255979984,False
2004-02-17 13:02:39,2.876305390376693,3.5969351255979984,False
2004-02-17 13:12:39,2.8635936342926347,3.5969351255979984,False
2004-02-17 13:22:39,3.230904371408252,3.5969351255979984,False
2004-02-17 13:32:39,2.6930629452606647,3.5969351255979984,False
2004-02-17 13:42:39,2.58226699412001,3.5969351255979984,False
2004-02-17 13:52:39,3.0028629977518815,3.5969351255979984,False
2004-02-17 14:02:39,2.8217519248681553,3.5969351255979984,False
2004-02-17 14:12:39,2.780044895386395,3.5969351255979984,False
2004-02-17 14:22:39,2.6674110388987033,3.5969351255979984,False
2004-02-17 14:32:39,2.83318320241581,3.5969351255979984,False
2004-02-17 14:42:39,2.556515533192771,3.5969351255979984,False
2004-02-17 14:52:39,2.5383473852040126,3.5969351255979984,False
2004-02-17 15:02:39,2.7567446245832743,3.5969351255979984,False
2004-02-17 15:12:39,2.9277414285793135,3.5969351255979984,False
2004-02-17 15:22:39,2.3868392109235397,3.5969351255979984,False
2004-02-17 15:32:39,2.764053308215679,3.5969351255979984,False
2004-02-17 15:42:39,2.5505442678597814,3.5969351255979984,False
2004-02-17 15:52:39,2.483430102040579,3.5969351255979984,False
2004-02-17 16:02:39,2.6174583366603907,3.5969351255979984,False
2004-02-17 16:12:39,2.531761222184571,3.5969351255979984,False
2004-02-17 16:22:39,2.735716097485276,3.5969351255979984,False
2004-02-17 16:32:39,2.124550678233109,3.5969351255979984,False
2004-02-17 16:42:39,2.0886892792211036,3.5969351255979984,False
2004-02-17 16:52:39,2.3236602640763553,3.5969351255979984,False
2004-02-17 17:02:39,2.3497433403075076,3.5969351255979984,False
2004-02-17 17:12:39,1.8318755134185287,3.5969351255979984,False
2004-02-17 17:22:39,2.119430082120803,3.5969351255979984,False
2004-02-17 17:32:39,2.845044109901845,3.5969351255979984,False
2004-02-17 17:42:39,1.835666782678447,3.5969351255979984,False
2004-02-17 17:52:39,1.7969480009569547,3.5969351255979984,False
2004-02-17 18:02:39,1.465993781048787,3.5969351255979984,False
2004-02-17 18:12:39,1.770032274868853,3.5969351255979984,False
2004-02-17 18:22:39,1.636935248367351,3.5969351255979984,False
2004-02-17 18:32:39,2.0671064744246865,3.5969351255979984,False
2004-02-17 18:42:39,2.2647389185495994,3.5969351255979984,False
2004-02-17 18:52:39,1.6500872048609714,3.5969351255979984,False
2004-02-17 19:02:39,1.7423408203568704,3.5969351255979984,False
2004-02-17 19:12:39,1.6840019513426345,3.5969351255979984,False
2004-02-17 19:22:39,1.548959019930367,3.5969351255979984,False
2004-02-17 19:32:39,1.46414318056673,3.5969351255979984,False
2004-02-17 19:42:39,2.0370682120621986,3.5969351255979984,False
2004-02-17 19:52:39,1.8651398358201055,3.5969351255979984,False
2004-02-17 20:02:39,2.5678524894180716,3.5969351255979984,False
2004-02-17 20:12:39,1.6764697849795624,3.5969351255979984,False
2004-02-17 20:22:39,2.2598867443809145,3.5969351255979984,False
2004-02-17 20:32:39,1.7244060231059022,3.5969351255979984,False
2004-02-17 20:42:39,1.366210042371329,3.5969351255979984,False
2004-02-17 20:52:39,1.598400962938057,3.5969351255979984,False
2004-02-17 21:02:39,1.5601933356768027,3.5969351255979984,False
2004-02-17 21:12:39,1.3567838339670946,3.5969351255979984,False
2004-02-17 21:22:39,1.828303594541377,3.5969351255979984,False
2004-02-17 21:32:39,2.001358984018727,3.5969351255979984,False
2004-02-17 21:42:39,1.1002860524263902,3.5969351255979984,False
2004-02-17 21:52:39,1.109171500811155,3.5969351255979984,False
2004-02-17 22:02:39,1.1200940979853942,3.5969351255979984,False
2004-02-17 22:12:39,1.212081820239949,3.5969351255979984,False
2004-02-17 22:22:39,1.1143972509612399,3.5969351255979984,False
2004-02-17 22:32:39,1.0665888536447576,3.5969351255979984,False
2004-02-17 22:42:39,1.0641793858030004,3.5969351255979984,False
2004-02-17 22:52:39,1.1260532755377217,3.5969351255979984,False
2004-02-17 23:02:39,1.1335501589263033,3.5969351255979984,False
2004-02-17 23:12:39,1.118783046702627,3.5969351255979984,False
2004-02-17 23:22:39,1.0748976053552266,3.5969351255979984,False
2004-02-17 23:32:39,1.0655854131203124,3.5969351255979984,False
2004-02-17 23:42:39,1.173384652470576,3.5969351255979984,False
2004-02-17 23:52:39,1.1144738205136138,3.5969351255979984,False
2004-02-18 00:02:39,1.150888560283594,3.5969351255979984,False
2004-02-18 00:12:39,1.116392523849734,3.5969351255979984,False
2004-02-18 00:22:39,1.0765671644758912,3.5969351255979984,False
2004-02-18 00:32:39,1.126376609297313,3.5969351255979984,False
2004-02-18 00:42:39,1.0727158524819085,3.5969351255979984,False
2004-02-18 00:52:39,1.0855311727564707,3.5969351255979984,False
2004-02-18 01:02:39,1.1395927319908308,3.5969351255979984,False
2004-02-18 01:12:39,1.151636359067663,3.5969351255979984,False
2004-02-18 01:22:39,1.1005537840660333,3.5969351255979984,False
2004-02-18 01:32:39,1.0858644894605518,3.5969351255979984,False
2004-02-18 01:42:39,1.0808956092262727,3.5969351255979984,False
2004-02-18 01:52:39,1.149726291324037,3.5969351255979984,False
2004-02-18 02:02:39,1.0915752733482003,3.5969351255979984,False
2004-02-18 02:12:39,1.1538509846054887,3.5969351255979984,False
2004-02-18 02:22:39,1.1299110569909803,3.5969351255979984,False
2004-02-18 02:32:39,1.154263753087571,3.5969351255979984,False
2004-02-18 02:42:39,1.1439633124812194,3.5969351255979984,False
2004-02-18 02:52:39,1.0797884002980689,3.5969351255979984,False
2004-02-18 03:02:39,1.1581738874519156,3.5969351255979984,False
2004-02-18 03:12:39,1.1140850897267633,3.5969351255979984,False
2004-02-18 03:22:39,1.0981188238220003,3.5969351255979984,False
2004-02-18 03:32:39,1.2056205472261536,3.5969351255979984,False
2004-02-18 03:42:39,1.1795650002972558,3.5969351255979984,False
2004-02-18 03:52:39,1.1886464733311397,3.5969351255979984,False
2004-02-18 04:02:39,1.2281351469919246,3.5969351255979984,False
2004-02-18 04:12:39,1.2342678613690286,3.5969351255979984,False
2004-02-18 04:22:39,1.1729113926695423,3.5969351255979984,False
2004-02-18 04:32:39,1.2561379078617958,3.5969351255979984,False
2004-02-18 04:42:39,1.231153547955931,3.5969351255979984,False
2004-02-18 04:52:39,1.2589629368495885,3.5969351255979984,False
2004-02-18 05:02:39,1.1947943374813335,3.5969351255979984,False
2004-02-18 05:12:39,1.2163465467963206,3.5969351255979984,False
2004-02-18 05:22:39,1.1960645957819307,3.5969351255979984,False
2004-02-18 05:32:39,1.2436287404940685,3.5969351255979984,False
2004-02-18 05:42:39,1.253194607825674,3.5969351255979984,False
2004-02-18 05:52:39,1.232258146003982,3.5969351255979984,False
2004-02-18 06:02:39,1.2620860528659958,3.5969351255979984,False
2004-02-18 06:12:39,1.2614885223267704,3.5969351255979984,False
2004-02-18 06:22:39,1.2595252711368574,3.5969351255979984,False
2004-02-18 06:32:39,1.332698428926006,3.5969351255979984,False
2004-02-18 06:42:39,1.2609688536782084,3.5969351255979984,False
2004-02-18 06:52:39,1.2712970553986982,3.5969351255979984,False
2004-02-18 07:02:39,1.2788960801347304,3.5969351255979984,False
2004-02-18 07:12:39,1.2883056240149608,3.5969351255979984,False
2004-02-18 07:22:39,1.3215737540827281,3.5969351255979984,False
2004-02-18 07:32:39,1.2607097438955268,3.5969351255979984,False
2004-02-18 07:42:39,1.2762439372411538,3.5969351255979984,False
2004-02-18 07:52:39,1.3129267161977272,3.5969351255979984,False
2004-02-18 08:02:39,1.2986744705912106,3.5969351255979984,False
2004-02-18 08:12:39,1.2939978279169189,3.5969351255979984,False
2004-02-18 08:22:39,1.3395379545282264,3.5969351255979984,False
2004-02-18 08:32:39,1.3552737625500562,3.5969351255979984,False
2004-02-18 08:42:39,1.2724433203769818,3.5969351255979984,False
2004-02-18 08:52:39,1.2675216589734795,3.5969351255979984,False
2004-02-18 09:02:39,1.292852303197632,3.5969351255979984,False
2004-02-18 09:12:39,1.3515288837431803,3.5969351255979984,False
2004-02-18 09:22:39,1.322511900275398,3.5969351255979984,False
2004-02-18 09:32:39,1.28070758088269,3.5969351255979984,False
2004-02-18 09:42:39,1.2934947439550157,3.5969351255979984,False
2004-02-18 09:52:39,1.2906885941890403,3.5969351255979984,False
2004-02-18 10:02:39,1.3090284524548204,3.5969351255979984,False
2004-02-18 10:12:39,1.3834847491950235,3.5969351255979984,False
2004-02-18 10:22:39,1.2789129613123331,3.5969351255979984,False
2004-02-18 10:32:39,1.313144921020411,3.5969351255979984,False
2004-02-18 10:42:39,1.2482690816181714,3.5969351255979984,False
2004-02-18 10:52:39,1.3089598528381856,3.5969351255979984,False
2004-02-18 11:02:39,1.3240520215031797,3.5969351255979984,False
2004-02-18 11:12:39,1.2814744541506093,3.5969351255979984,False
2004-02-18 11:22:39,1.2917726919538166,3.5969351255979984,False
2004-02-18 11:32:39,1.3276196894807402,3.5969351255979984,False
2004-02-18 11:42:39,1.2971130522306207,3.5969351255979984,False
2004-02-18 11:52:39,1.396118809014686,3.5969351255979984,False
2004-02-18 12:02:39,1.3713435137796095,3.5969351255979984,False
2004-02-18 12:12:39,1.4221445514976112,3.5969351255979984,False
2004-02-18 12:22:39,1.414863467209996,3.5969351255979984,False
2004-02-18 12:32:39,1.3968730811199939,3.5969351255979984,False
2004-02-18 12:42:39,1.437959463307022,3.5969351255979984,False
2004-02-18 12:52:39,1.4057899341319806,3.5969351255979984,False
2004-02-18 13:02:39,1.4383617411503622,3.5969351255979984,False
2004-02-18 13:12:39,1.4679447281940798,3.5969351255979984,False
2004-02-18 13:22:39,1.4350608056572307,3.5969351255979984,False
2004-02-18 13:32:39,1.4453570912602338,3.5969351255979984,False
2004-02-18 13:42:39,1.4463375459882948,3.5969351255979984,False
2004-02-18 13:52:39,1.4539652252346356,3.5969351255979984,False
2004-02-18 14:02:39,1.5251593248878734,3.5969351255979984,False
2004-02-18 14:12:39,1.4564450920348524,3.5969351255979984,False
2004-02-18 14:22:39,1.5610537819130805,3.5969351255979984,False
2004-02-18 14:32:39,1.487284820682216,3.5969351255979984,False
2004-02-18 14:42:39,1.5787917410586387,3.5969351255979984,False
2004-02-18 14:52:39,1.5125396682516383,3.5969351255979984,False
2004-02-18 15:02:39,1.522043749018401,3.5969351255979984,False
2004-02-18 15:12:39,1.5920910147060654,3.5969351255979984,False
2004-02-18 15:22:39,1.6231554573308402,3.5969351255979984,False
2004-02-18 15:32:39,1.5622506610879465,3.5969351255979984,False
2004-02-18 15:42:39,1.6524285343939076,3.5969351255979984,False
2004-02-18 15:52:39,1.6327095383673595,3.5969351255979984,False
2004-02-18 16:02:39,1.5914298631651123,3.5969351255979984,False
2004-02-18 16:12:39,1.684385296187217,3.5969351255979984,False
2004-02-18 16:22:39,1.6401732050244895,3.5969351255979984,False
2004-02-18 16:32:39,1.6649830070411853,3.5969351255979984,False
2004-02-18 16:42:39,1.7284336250364425,3.5969351255979984,False
2004-02-18 16:52:39,1.7073196811501123,3.5969351255979984,False
2004-02-18 17:02:39,1.809475599505477,3.5969351255979984,False
2004-02-18 17:12:39,1.780465568700819,3.5969351255979984,False
2004-02-18 17:22:39,1.8149443464864674,3.5969351255979984,False
2004-02-18 17:32:39,1.8975889373187713,3.5969351255979984,False
2004-02-18 17:42:39,1.9102626750726437,3.5969351255979984,False
2004-02-18 17:52:39,1.9701878989869748,3.5969351255979984,False
2004-02-18 18:02:39,1.8597203754232674,3.5969351255979984,False
2004-02-18 18:12:39,1.8966166548996546,3.5969351255979984,False
2004-02-18 18:22:39,1.9096729865601383,3.5969351255979984,False
2004-02-18 18:32:39,2.041635957617992,3.5969351255979984,False
2004-02-18 18:42:39,1.9434839480129542,3.5969351255979984,False
2004-02-18 18:52:39,1.9755244814034374,3.5969351255979984,False
2004-02-18 19:02:39,2.061684264191074,3.5969351255979984,False
2004-02-18 19:12:39,2.150824567017546,3.5969351255979984,False
2004-02-18 19:22:39,2.102358042451563,3.5969351255979984,False
2004-02-18 19:32:39,2.0622238686675627,3.5969351255979984,False
2004-02-18 19:42:39,2.1605602086801587,3.5969351255979984,False
2004-02-18 19:52:39,2.201917988442992,3.5969351255979984,False
2004-02-18 20:02:39,2.3027262886701982,3.5969351255979984,False
2004-02-18 20:12:39,2.352092324337973,3.5969351255979984,False
2004-02-18 20:22:39,2.3867440789026877,3.5969351255979984,False
2004-02-18 20:32:39,2.3715394761684268,3.5969351255979984,False
2004-02-18 20:42:39,2.456390938335578,3.5969351255979984,False
2004-02-18 20:52:39,2.485004694615887,3.5969351255979984,False
2004-02-18 21:02:39,2.465987080277597,3.5969351255979984,False
2004-02-18 21:12:39,2.4972988631293394,3.5969351255979984,False
2004-02-18 21:22:39,2.528304205025041,3.5969351255979984,False
2004-02-18 21:32:39,2.433553063776537,3.5969351255979984,False
2004-02-18 21:42:39,2.4309711149977966,3.5969351255979984,False
2004-02-18 21:52:39,2.5865766051669645,3.5969351255979984,False
2004-02-18 22:02:39,2.611000162371589,3.5969351255979984,False
2004-02-18 22:12:39,2.6098633230036823,3.5969351255979984,False
2004-02-18 22:22:39,2.6713681148596082,3.5969351255979984,False
2004-02-18 22:32:39,2.686867047443933,3.5969351255979984,False
2004-02-18 22:42:39,2.7474434571327784,3.5969351255979984,False
2004-02-18 22:52:39,2.831696075618772,3.5969351255979984,False
2004-02-18 23:02:39,2.6765023212109127,3.5969351255979984,False
2004-02-18 23:12:39,2.7399929450552123,3.5969351255979984,False
2004-02-18 23:22:39,2.7690741381501933,3.5969351255979984,False
2004-02-18 23:32:39,2.824502498516313,3.5969351255979984,False
2004-02-18 23:42:39,2.890211567291395,3.5969351255979984,False
2004-02-18 23:52:39,2.8707853908684156,3.5969351255979984,False
2004-02-19 00:02:39,2.912884866779584,3.5969351255979984,False
2004-02-19 00:12:39,3.0677524011406283,3.5969351255979984,False
2004-02-19 00:22:39,3.016850029062962,3.5969351255979984,False
2004-02-19 00:32:39,2.79835490455097,3.5969351255979984,False
2004-02-19 00:42:39,2.732547023597679,3.5969351255979984,False
2004-02-19 00:52:39,2.9514644674226482,3.5969351255979984,False
2004-02-19 01:02:39,3.1195704401553925,3.5969351255979984,False
2004-02-19 01:12:39,3.0962156768566866,3.5969351255979984,False
2004-02-19 01:22:39,2.7547114459363513,3.5969351255979984,False
2004-02-19 01:32:39,2.8430444188799666,3.5969351255979984,False
2004-02-19 01:42:39,2.423437422543937,3.5969351255979984,False
2004-02-19 01:52:39,2.299847012911295,3.5969351255979984,False
2004-02-19 02:02:39,2.1247408648264097,3.5969351255979984,False
2004-02-19 02:12:39,2.517827089775721,3.5969351255979984,False
2004-02-19 02:22:39,2.219949249508205,3.5969351255979984,False
2004-02-19 02:32:39,3.218263063544508,3.5969351255979984,False
2004-02-19 02:42:39,3.7808870301803488,3.5969351255979984,True
2004-02-19 02:52:39,4.3619801603231,3.5969351255979984,True
2004-02-19 03:02:39,3.438988116243323,3.5969351255979984,False
2004-02-19 03:12:39,3.007814747981826,3.5969351255979984,False
2004-02-19 03:22:39,3.8337502608070286,3.5969351255979984,True
2004-02-19 03:32:39,3.932593268485732,3.5969351255979984,True
2004-02-19 03:42:39,3.918758237813599,3.5969351255979984,True
2004-02-19 03:52:39,3.2523850616908927,3.5969351255979984,False
2004-02-19 04:02:39,3.4866378015984854,3.5969351255979984,False
2004-02-19 04:12:39,4.529917135030341,3.5969351255979984,True
2004-02-19 04:22:39,4.686240810463404,3.5969351255979984,True
2004-02-19 04:32:39,3.6681473424857223,3.5969351255979984,True
2004-02-19 04:42:39,2.6565088812973943,3.5969351255979984,False
2004-02-19 04:52:39,4.333713948604697,3.5969351255979984,True
2004-02-19 05:02:39,4.569035107459176,3.5969351255979984,True
2004-02-19 05:12:39,4.103177347925057,3.5969351255979984,True
2004-02-19 05:22:39,4.017974692633477,3.5969351255979984,True
2004-02-19 05:32:39,3.8069240008271636,3.5969351255979984,True
2004-02-19 05:42:39,4.986099554169858,3.5969351255979984,True
2004-02-19 05:52:39,4.2275741006871,3.5969351255979984,True
2004-02-19 06:02:39,4.75069319802094,3.5969351255979984,True
2004-02-19 06:12:39,2.395600403884702,3.5969351255979984,False
2004-02-19 06:22:39,2.522208987038313,3.5969351255979984,False
